Lipid	Class	Coefficient
SM(33 1)	1	1.70096999636
SM(34 0)	1	1.69558844332