Lipid	Class	Coefficient
PE(P-18 0 22 6)	0	-0.0713396894785
DG(16 0_20 4)	0	-0.0751745990442
TG(18 1_18 1_20 4)	0	-0.074385705603