Lipid	Class	Coefficient
LPC(O-24 1)	0	-0.672731154291
TG(14 1_18 1_18 1)	0	-0.693103848749