var_num	P-A	GOOD?
0	-4.0	BAD
1	-3.10310189877e-07	GOOD
2	-3.99680288865e-15	GOOD
3	0.998722793473	BAD

2	2