var_num	P-A	GOOD?
0	-6.0	BAD
1	0.99999968969	BAD
2	-2.0	BAD
3	0.998722793473	BAD

0	4