var_num	P-A	GOOD?
0	-4.0	BAD
1	0.99999968969	BAD
2	-3.99680288865e-15	GOOD
3	0.998722793473	BAD

1	3