var_num	P-A	GOOD?
0	1.0	BAD
1	0.99999968969	BAD
2	-3.99680288865e-15	GOOD
3	-6.00127720653	BAD

1	3