var_num	P-A	GOOD?
0	1.0	BAD
1	0.99999968969	BAD
2	-1.0	BAD
3	-4.00127720653	BAD

0	4