var_num	P-A	GOOD?
0	-0.00132585578164	GOOD
1	-0.037529516076	GOOD
2	-1.09947798412	BAD
3	-1.00000609672	BAD
4	-7.31375528938e-05	GOOD
5	-0.0293082405123	GOOD
6	-2.00000201503	BAD
7	-2.06356048755	BAD
8	-7.89194356221e-06	GOOD
9	-2.49225087046e-06	GOOD
10	-2.582085125	BAD
11	-2.00000204396	BAD
12	-1.00105794919	BAD
13	-2.00013864534	BAD
14	-2.00000890405	BAD
15	-9.28473340323e-07	GOOD
16	-2.48795788388	BAD
17	-0.00515796689489	GOOD

8	10