var_num	P-A	GOOD?
0	-1.00132585578	BAD
1	-0.037529516076	GOOD
2	-2.09947798412	BAD
3	-1.00000609672	BAD
4	-7.31375528938e-05	GOOD
5	-0.0293082405123	GOOD
6	-2.01502652797e-06	GOOD
7	-2.06356048755	BAD
8	-7.89194356221e-06	GOOD
9	-2.49225087046e-06	GOOD
10	-0.582085124996	BAD
11	-2.0439613494e-06	GOOD
12	-1.00105794919	BAD
13	-1.00013864534	BAD
14	-8.90404718079e-06	GOOD
15	-9.28473340323e-07	GOOD
16	-2.48795788388	BAD
17	-0.00515796689489	GOOD

10	8