var_num	P-A	GOOD?
0	0.998674144218	BAD
1	-2.03752951608	BAD
2	-0.0994779841214	GOOD
3	-1.00000609672	BAD
4	-7.31375528938e-05	GOOD
5	-0.0293082405123	GOOD
6	-2.01502652797e-06	GOOD
7	-3.06356048755	BAD
8	-2.00000789194	BAD
9	-1.00000249225	BAD
10	-1.582085125	BAD
11	-2.00000204396	BAD
12	-1.00105794919	BAD
13	-2.00013864534	BAD
14	-2.00000890405	BAD
15	0.999999071527	BAD
16	-2.48795788388	BAD
17	-0.00515796689489	GOOD

5	13