var_num	P-A	GOOD?
0	0.998674144218	BAD
1	-1.03752951608	BAD
2	-1.09947798412	BAD
3	-6.09672155871e-06	GOOD
4	-1.00007313755	BAD
5	-0.0293082405123	GOOD
6	-2.01502652797e-06	GOOD
7	-2.06356048755	BAD
8	-2.00000789194	BAD
9	-2.00000249225	BAD
10	-0.582085124996	BAD
11	-2.00000204396	BAD
12	-1.00105794919	BAD
13	-1.00013864534	BAD
14	-1.00000890405	BAD
15	-9.28473340323e-07	GOOD
16	-2.48795788388	BAD
17	-1.00515796689	BAD

4	14