var_num	P-A	GOOD?
0	-0.00132585578164	GOOD
1	-2.03752951608	BAD
2	-2.09947798412	BAD
3	-1.00000609672	BAD
4	-2.00007313755	BAD
5	-0.0293082405123	GOOD
6	-1.00000201503	BAD
7	-1.06356048755	BAD
8	-2.00000789194	BAD
9	-2.49225087046e-06	GOOD
10	-2.582085125	BAD
11	-2.0439613494e-06	GOOD
12	-2.00105794919	BAD
13	-2.00013864534	BAD
14	-2.00000890405	BAD
15	-9.28473340323e-07	GOOD
16	-0.487957883876	GOOD
17	-0.00515796689489	GOOD

7	11