var_num	P-A	GOOD?
0	0.998674144218	BAD
1	-0.037529516076	GOOD
2	-2.09947798412	BAD
3	-6.09672155871e-06	GOOD
4	-7.31375528938e-05	GOOD
5	-0.0293082405123	GOOD
6	-2.00000201503	BAD
7	-0.0635604875515	GOOD
8	-7.89194356221e-06	GOOD
9	-2.49225087046e-06	GOOD
10	-1.582085125	BAD
11	-2.0439613494e-06	GOOD
12	-0.00105794919268	GOOD
13	-0.000138645341209	GOOD
14	-1.00000890405	BAD
15	-1.00000092847	BAD
16	-1.48795788388	BAD
17	-0.00515796689489	GOOD

11	7