var_num	P-A	GOOD?
0	0.998674144218	BAD
1	-1.03752951608	BAD
2	-0.0994779841214	GOOD
3	-6.09672155871e-06	GOOD
4	-7.31375528938e-05	GOOD
5	-1.02930824051	BAD
6	-2.01502652797e-06	GOOD
7	-2.06356048755	BAD
8	-7.89194356221e-06	GOOD
9	-1.00000249225	BAD
10	-2.582085125	BAD
11	-2.0439613494e-06	GOOD
12	-1.00105794919	BAD
13	-1.00013864534	BAD
14	-2.00000890405	BAD
15	-1.00000092847	BAD
16	-0.487957883876	GOOD
17	-0.00515796689489	GOOD

8	10