var_num	P-A	GOOD?
0	-0.00132585578164	GOOD
1	-0.037529516076	GOOD
2	-1.09947798412	BAD
3	-6.09672155871e-06	GOOD
4	-7.31375528938e-05	GOOD
5	-2.02930824051	BAD
6	-2.01502652797e-06	GOOD
7	-3.06356048755	BAD
8	-2.00000789194	BAD
9	-2.00000249225	BAD
10	-0.582085124996	BAD
11	-2.00000204396	BAD
12	-0.00105794919268	GOOD
13	-1.00013864534	BAD
14	-8.90404718079e-06	GOOD
15	-2.00000092847	BAD
16	-0.487957883876	GOOD
17	-1.00515796689	BAD

8	10