var_num	P-A	GOOD?
0	0.998674144218	BAD
1	-1.03752951608	BAD
2	-0.0994779841214	GOOD
3	-6.09672155871e-06	GOOD
4	-7.31375528938e-05	GOOD
5	-0.0293082405123	GOOD
6	-2.01502652797e-06	GOOD
7	-2.06356048755	BAD
8	-2.00000789194	BAD
9	-2.00000249225	BAD
10	-1.582085125	BAD
11	-2.00000204396	BAD
12	-0.00105794919268	GOOD
13	-0.000138645341209	GOOD
14	-8.90404718079e-06	GOOD
15	-2.00000092847	BAD
16	-0.487957883876	GOOD
17	-0.00515796689489	GOOD

10	8