var_num	P-A	GOOD?
0	-1.00132585578	BAD
1	-0.037529516076	GOOD
2	-0.0994779841214	GOOD
3	-6.09672155871e-06	GOOD
4	-7.31375528938e-05	GOOD
5	-0.0293082405123	GOOD
6	-1.00000201503	BAD
7	-1.06356048755	BAD
8	-7.89194356221e-06	GOOD
9	-1.00000249225	BAD
10	-0.582085124996	BAD
11	-2.00000204396	BAD
12	-0.00105794919268	GOOD
13	-1.00013864534	BAD
14	-2.00000890405	BAD
15	-9.28473340323e-07	GOOD
16	-2.48795788388	BAD
17	-0.00515796689489	GOOD

9	9