var_num	P-A	GOOD?
0	-0.00132585578164	GOOD
1	0.962470483924	BAD
2	0.900522015879	BAD
3	0.999993903278	BAD
4	0.999926862447	BAD
5	-1.02930824051	BAD
6	-2.01502652797e-06	GOOD
7	-3.06356048755	BAD
8	-2.00000789194	BAD
9	0.999997507749	BAD
10	0.417914875004	GOOD
11	0.999997956039	BAD
12	0.998942050807	BAD
13	0.999861354659	BAD
14	-2.00000890405	BAD
15	0.999999071527	BAD
16	-0.487957883876	GOOD
17	-0.00515796689489	GOOD

5	13