var_num	P-A	GOOD?
0	0.998674144218	BAD
1	-0.037529516076	GOOD
2	-1.09947798412	BAD
3	-2.00000609672	BAD
4	-1.00007313755	BAD
5	-2.02930824051	BAD
6	-1.00000201503	BAD
7	-0.0635604875515	GOOD
8	-2.00000789194	BAD
9	-2.00000249225	BAD
10	-0.582085124996	BAD
11	-2.0439613494e-06	GOOD
12	-1.00105794919	BAD
13	-2.00013864534	BAD
14	-2.00000890405	BAD
15	-9.28473340323e-07	GOOD
16	-1.48795788388	BAD
17	-0.00515796689489	GOOD

5	13