var_num	P-A	GOOD?
0	-0.00132585578164	GOOD
1	-1.03752951608	BAD
2	-1.09947798412	BAD
3	-2.00000609672	BAD
4	-1.00007313755	BAD
5	-1.02930824051	BAD
6	-2.01502652797e-06	GOOD
7	-3.06356048755	BAD
8	-1.00000789194	BAD
9	-2.00000249225	BAD
10	-1.582085125	BAD
11	-2.00000204396	BAD
12	-0.00105794919268	GOOD
13	-0.000138645341209	GOOD
14	-1.00000890405	BAD
15	-9.28473340323e-07	GOOD
16	-0.487957883876	GOOD
17	-0.00515796689489	GOOD

7	11