var_num	P-A	GOOD?
0	-1.00132585578	BAD
1	-0.037529516076	GOOD
2	-1.09947798412	BAD
3	-6.09672155871e-06	GOOD
4	-7.31375528938e-05	GOOD
5	-1.02930824051	BAD
6	-2.01502652797e-06	GOOD
7	-2.06356048755	BAD
8	-7.89194356221e-06	GOOD
9	-1.00000249225	BAD
10	-0.582085124996	BAD
11	-2.00000204396	BAD
12	-0.00105794919268	GOOD
13	-0.000138645341209	GOOD
14	-2.00000890405	BAD
15	-1.00000092847	BAD
16	-1.48795788388	BAD
17	-0.00515796689489	GOOD

8	10